"","ID","round","home_team_name","away_team_name","home_team_score","away_team_score","date","home_team_id","away_team_id","home_team_points","away_team_points"
"1",115,1,"Botafogo-RJ","Bahia",1,2,2020-09-30,5,4,0,3
"2",114,1,"Corinthians","Atletico-GO",0,0,2020-09-30,8,2,1,1
"3",2,1,"Coritiba","Internacional",0,1,2020-08-08,9,15,0,3
"4",5,1,"Flamengo","Atletico-MG",0,1,2020-08-09,10,3,0,3
"5",1,1,"Fortaleza","Athletico-PR",0,2,2020-08-08,12,1,0,3
"6",228,1,"Goias","Sao Paulo",0,3,2020-12-03,13,18,0,3
"7",6,1,"Gremio","Fluminense",1,0,2020-08-09,14,11,3,0
"8",317,1,"Palmeiras","Vasco",1,1,2021-01-26,16,20,1,1
"9",4,1,"Santos","Bragantino",1,1,2020-08-09,17,6,1,1
"10",3,1,"Sport","Ceara",3,2,2020-08-08,19,7,3,0
"11",7,2,"Athletico-PR","Goias",2,1,2020-08-12,1,13,3,0
"12",11,2,"Atletico-GO","Flamengo",3,0,2020-08-12,2,10,3,0
"13",8,2,"Atletico-MG","Corinthians",3,2,2020-08-12,3,8,3,0
"14",10,2,"Bahia","Coritiba",1,0,2020-08-12,4,9,3,0
"15",9,2,"Bragantino","Botafogo-RJ",1,1,2020-08-12,6,5,1,1
"16",12,2,"Ceara","Gremio",1,1,2020-08-12,7,14,1,1
"17",13,2,"Fluminense","Palmeiras",1,1,2020-08-12,11,16,1,1
"18",15,2,"Internacional","Santos",2,0,2020-08-13,15,17,3,0
"19",14,2,"Sao Paulo","Fortaleza",1,0,2020-08-13,18,12,3,0
"20",16,2,"Vasco","Sport",2,0,2020-08-13,20,19,3,0
"21",24,3,"Atletico-GO","Sport",1,1,2020-08-16,2,19,1,1
"22",20,3,"Atletico-MG","Ceara",2,0,2020-08-16,3,7,3,0
"23",21,3,"Bahia","Bragantino",2,1,2020-08-16,4,6,3,0
"24",18,3,"Coritiba","Flamengo",0,1,2020-08-15,9,10,0,3
"25",23,3,"Fluminense","Internacional",2,1,2020-08-16,11,15,3,0
"26",25,3,"Fortaleza","Botafogo-RJ",0,0,2020-08-16,12,5,1,1
"27",17,3,"Gremio","Corinthians",0,0,2020-08-15,14,8,1,1
"28",19,3,"Palmeiras","Goias",1,1,2020-08-15,16,13,1,1
"29",26,3,"Santos","Athletico-PR",3,1,2020-08-16,17,1,3,0
"30",22,3,"Vasco","Sao Paulo",2,1,2020-08-16,20,18,3,0
"31",29,4,"Athletico-PR","Palmeiras",0,1,2020-08-19,1,16,0,3
"32",33,4,"Botafogo-RJ","Atletico-MG",2,1,2020-08-19,5,3,3,0
"33",28,4,"Bragantino","Fluminense",2,1,2020-08-19,6,11,3,0
"34",35,4,"Ceara","Vasco",0,3,2020-08-20,7,20,0,3
"35",32,4,"Corinthians","Coritiba",3,1,2020-08-19,8,9,3,0
"36",27,4,"Flamengo","Gremio",1,1,2020-08-19,10,14,1,1
"37",30,4,"Goias","Fortaleza",1,3,2020-08-19,13,12,0,3
"38",31,4,"Internacional","Atletico-GO",3,0,2020-08-19,15,2,3,0
"39",36,4,"Sao Paulo","Bahia",1,1,2020-08-20,18,4,1,1
"40",34,4,"Sport","Santos",0,1,2020-08-20,19,17,0,3
"41",37,5,"Athletico-PR","Fluminense",0,1,2020-08-22,1,11,0,3
"42",43,5,"Bragantino","Coritiba",1,2,2020-08-23,6,9,0,3
"43",45,5,"Ceara","Bahia",2,0,2020-08-23,7,4,3,0
"44",46,5,"Corinthians","Fortaleza",1,1,2020-08-26,8,12,1,1
"45",40,5,"Flamengo","Botafogo-RJ",1,1,2020-08-23,10,5,1,1
"46",39,5,"Goias","Atletico-GO",2,0,2020-08-22,13,2,3,0
"47",38,5,"Internacional","Atletico-MG",1,0,2020-08-22,15,3,3,0
"48",42,5,"Palmeiras","Santos",2,1,2020-08-23,16,17,3,0
"49",44,5,"Sport","Sao Paulo",0,1,2020-08-23,19,18,0,3
"50",41,5,"Vasco","Gremio",0,0,2020-08-23,20,14,1,1
"51",55,6,"Atletico-GO","Ceara",0,2,2020-08-30,2,7,0,3
"52",204,6,"Atletico-MG","Athletico-PR",0,2,2020-11-18,3,1,0,3
"53",50,6,"Bahia","Palmeiras",1,1,2020-08-29,4,16,1,1
"54",48,6,"Botafogo-RJ","Internacional",0,2,2020-08-29,5,15,0,3
"55",53,6,"Coritiba","Sport",1,0,2020-08-30,9,19,3,0
"56",49,6,"Fluminense","Vasco",2,1,2020-08-29,11,20,3,0
"57",51,6,"Fortaleza","Bragantino",3,0,2020-08-29,12,6,3,0
"58",224,6,"Gremio","Goias",2,1,2020-11-30,14,13,3,0
"59",54,6,"Santos","Flamengo",0,1,2020-08-30,17,10,0,3
"60",52,6,"Sao Paulo","Corinthians",2,1,2020-08-30,18,8,3,0
"61",60,7,"Athletico-PR","Bragantino",1,1,2020-09-02,1,6,1,1
"62",65,7,"Atletico-MG","Sao Paulo",3,0,2020-09-03,3,18,3,0
"63",61,7,"Bahia","Flamengo",3,5,2020-09-02,4,10,0,3
"64",59,7,"Botafogo-RJ","Coritiba",0,0,2020-09-02,5,9,1,1
"65",56,7,"Ceara","Fortaleza",1,0,2020-09-02,7,12,3,0
"66",57,7,"Fluminense","Atletico-GO",1,1,2020-09-02,11,2,1,1
"67",58,7,"Goias","Corinthians",1,2,2020-09-02,13,8,0,3
"68",64,7,"Gremio","Sport",1,2,2020-09-03,14,19,0,3
"69",62,7,"Palmeiras","Internacional",1,1,2020-09-02,16,15,1,1
"70",63,7,"Santos","Vasco",2,2,2020-09-02,17,20,1,1
"71",73,8,"Atletico-GO","Gremio",1,1,2020-09-06,2,14,1,1
"72",69,8,"Bragantino","Palmeiras",1,2,2020-09-06,6,16,0,3
"73",68,8,"Ceara","Santos",0,1,2020-09-05,7,17,0,3
"74",67,8,"Corinthians","Botafogo-RJ",2,2,2020-09-05,8,5,1,1
"75",75,8,"Coritiba","Atletico-MG",0,1,2020-09-06,9,3,0,3
"76",66,8,"Flamengo","Fortaleza",2,1,2020-09-05,10,12,3,0
"77",70,8,"Internacional","Bahia",2,2,2020-09-06,15,4,1,1
"78",71,8,"Sao Paulo","Fluminense",3,1,2020-09-06,18,11,3,0
"79",74,8,"Sport","Goias",2,1,2020-09-06,19,13,3,0
"80",72,8,"Vasco","Athletico-PR",1,0,2020-09-06,20,1,3,0
"81",76,9,"Athletico-PR","Botafogo-RJ",1,1,2020-09-09,1,5,1,1
"82",84,9,"Bahia","Gremio",0,2,2020-09-10,4,14,0,3
"83",83,9,"Corinthians","Palmeiras",0,2,2020-09-10,8,16,0,3
"84",80,9,"Fluminense","Flamengo",1,2,2020-09-09,11,10,0,3
"85",77,9,"Fortaleza","Sport",1,0,2020-09-09,12,19,3,0
"86",78,9,"Goias","Coritiba",3,3,2020-09-09,13,9,1,1
"87",82,9,"Internacional","Ceara",2,0,2020-09-10,15,7,3,0
"88",81,9,"Santos","Atletico-MG",3,1,2020-09-09,17,3,3,0
"89",79,9,"Sao Paulo","Bragantino",1,1,2020-09-09,18,6,1,1
"90",85,9,"Vasco","Atletico-GO",1,2,2020-09-10,20,2,0,3
"91",86,10,"Athletico-PR","Coritiba",1,0,2020-09-12,1,9,3,0
"92",90,10,"Atletico-MG","Bragantino",2,1,2020-09-13,3,6,3,0
"93",91,10,"Bahia","Atletico-GO",0,1,2020-09-13,4,2,0,3
"94",95,10,"Botafogo-RJ","Vasco",2,3,2020-09-13,5,20,0,3
"95",92,10,"Ceara","Flamengo",2,0,2020-09-13,7,10,3,0
"96",88,10,"Fluminense","Corinthians",2,1,2020-09-13,11,8,3,0
"97",93,10,"Goias","Internacional",1,0,2020-09-13,13,15,3,0
"98",89,10,"Gremio","Fortaleza",1,1,2020-09-13,14,12,1,1
"99",94,10,"Palmeiras","Sport",2,2,2020-09-13,16,19,1,1
"100",87,10,"Santos","Sao Paulo",2,2,2020-09-12,17,18,1,1
"101",99,11,"Atletico-GO","Atletico-MG",3,4,2020-09-19,2,3,0,3
"102",102,11,"Botafogo-RJ","Santos",0,0,2020-09-20,5,17,1,1
"103",98,11,"Bragantino","Ceara",4,2,2020-09-19,6,7,3,0
"104",96,11,"Corinthians","Bahia",3,2,2020-09-16,8,4,3,0
"105",101,11,"Coritiba","Vasco",1,0,2020-09-20,9,20,3,0
"106",146,11,"Flamengo","Goias",2,1,2020-10-13,10,13,3,0
"107",97,11,"Fortaleza","Internacional",1,0,2020-09-19,12,15,3,0
"108",100,11,"Gremio","Palmeiras",1,1,2020-09-20,14,16,1,1
"109",47,11,"Sao Paulo","Athletico-PR",1,0,2020-08-26,18,1,3,0
"110",103,11,"Sport","Fluminense",1,0,2020-09-20,19,11,3,0
"111",105,12,"Athletico-PR","Bahia",1,0,2020-09-26,1,4,3,0
"112",111,12,"Atletico-GO","Botafogo-RJ",1,1,2020-09-27,2,5,1,1
"113",107,12,"Atletico-MG","Gremio",3,1,2020-09-26,3,14,3,0
"114",110,12,"Ceara","Goias",2,2,2020-09-27,7,13,1,1
"115",113,12,"Fluminense","Coritiba",4,0,2020-09-28,11,9,3,0
"116",106,12,"Internacional","Sao Paulo",1,1,2020-09-26,15,18,1,1
"117",109,12,"Palmeiras","Flamengo",1,1,2020-09-27,16,10,1,1
"118",112,12,"Santos","Fortaleza",1,1,2020-09-27,17,12,1,1
"119",104,12,"Sport","Corinthians",1,0,2020-09-23,19,8,3,0
"120",108,12,"Vasco","Bragantino",1,1,2020-09-27,20,6,1,1
"121",125,13,"Atletico-MG","Vasco",4,1,2020-10-04,3,20,3,0
"122",124,13,"Bahia","Sport",1,2,2020-10-04,4,19,0,3
"123",119,13,"Botafogo-RJ","Fluminense",1,1,2020-10-04,5,11,1,1
"124",118,13,"Bragantino","Corinthians",0,0,2020-10-03,6,8,1,1
"125",120,13,"Coritiba","Sao Paulo",1,1,2020-10-04,9,18,1,1
"126",121,13,"Flamengo","Athletico-PR",3,1,2020-10-04,10,1,3,0
"127",122,13,"Fortaleza","Atletico-GO",0,0,2020-10-04,12,2,1,1
"128",123,13,"Goias","Santos",2,3,2020-10-04,13,17,0,3
"129",116,13,"Gremio","Internacional",1,1,2020-10-03,14,15,1,1
"130",117,13,"Palmeiras","Ceara",2,1,2020-10-03,16,7,3,0
"131",134,14,"Athletico-PR","Ceara",0,0,2020-10-08,1,7,1,1
"132",128,14,"Bahia","Vasco",3,0,2020-10-07,4,20,3,0
"133",132,14,"Botafogo-RJ","Palmeiras",2,1,2020-10-07,5,16,3,0
"134",135,14,"Bragantino","Internacional",0,2,2020-10-08,6,15,0,3
"135",126,14,"Corinthians","Santos",1,1,2020-10-07,8,17,1,1
"136",127,14,"Flamengo","Sport",3,0,2020-10-07,10,19,3,0
"137",133,14,"Fortaleza","Atletico-MG",2,1,2020-10-07,12,3,3,0
"138",131,14,"Goias","Fluminense",2,4,2020-10-07,13,11,0,3
"139",129,14,"Gremio","Coritiba",2,1,2020-10-07,14,9,3,0
"140",130,14,"Sao Paulo","Atletico-GO",3,0,2020-10-07,18,2,3,0
"141",143,15,"Atletico-GO","Bragantino",2,1,2020-10-11,2,6,3,0
"142",139,15,"Atletico-MG","Goias",3,0,2020-10-10,3,13,3,0
"143",144,15,"Ceara","Corinthians",2,1,2020-10-11,7,8,3,0
"144",137,15,"Coritiba","Fortaleza",0,0,2020-10-10,9,12,1,1
"145",140,15,"Fluminense","Bahia",1,0,2020-10-11,11,4,3,0
"146",145,15,"Internacional","Athletico-PR",2,1,2020-10-11,15,1,3,0
"147",138,15,"Palmeiras","Sao Paulo",0,2,2020-10-10,16,18,0,3
"148",141,15,"Santos","Gremio",2,1,2020-10-11,17,14,3,0
"149",142,15,"Sport","Botafogo-RJ",1,2,2020-10-11,19,5,0,3
"150",136,15,"Vasco","Flamengo",1,2,2020-10-10,20,10,0,3
"151",150,16,"Athletico-PR","Corinthians",0,1,2020-10-14,1,8,0,3
"152",151,16,"Atletico-MG","Fluminense",1,1,2020-10-14,3,11,1,1
"153",216,16,"Ceara","Sao Paulo",1,1,2020-11-25,7,18,1,1
"154",153,16,"Flamengo","Bragantino",1,1,2020-10-15,10,6,1,1
"155",154,16,"Goias","Bahia",1,1,2020-10-16,13,4,1,1
"156",148,16,"Gremio","Botafogo-RJ",3,1,2020-10-14,14,5,3,0
"157",147,16,"Palmeiras","Coritiba",1,3,2020-10-14,16,9,0,3
"158",149,16,"Santos","Atletico-GO",0,1,2020-10-14,17,2,0,3
"159",152,16,"Sport","Internacional",3,5,2020-10-14,19,15,0,3
"160",205,16,"Vasco","Fortaleza",0,0,2020-11-19,20,12,1,1
"161",155,17,"Atletico-GO","Athletico-PR",1,1,2020-10-17,2,1,1,1
"162",163,17,"Bahia","Atletico-MG",3,1,2020-10-19,4,3,3,0
"163",164,17,"Botafogo-RJ","Goias",0,0,2020-10-19,5,13,1,1
"164",161,17,"Bragantino","Sport",2,0,2020-10-18,6,19,3,0
"165",159,17,"Corinthians","Flamengo",1,5,2020-10-18,8,10,0,3
"166",156,17,"Coritiba","Santos",1,2,2020-10-17,9,17,0,3
"167",157,17,"Fluminense","Ceara",2,2,2020-10-17,11,7,1,1
"168",162,17,"Fortaleza","Palmeiras",2,0,2020-10-18,12,16,3,0
"169",160,17,"Internacional","Vasco",2,0,2020-10-18,15,20,3,0
"170",158,17,"Sao Paulo","Gremio",0,0,2020-10-17,18,14,1,1
"171",171,18,"Athletico-PR","Gremio",1,2,2020-10-25,1,14,0,3
"172",169,18,"Atletico-GO","Palmeiras",0,3,2020-10-25,2,16,0,3
"173",168,18,"Atletico-MG","Sport",0,0,2020-10-24,3,19,1,1
"174",193,18,"Bahia","Fortaleza",2,1,2020-11-11,4,12,3,0
"175",166,18,"Bragantino","Goias",2,0,2020-10-24,6,13,3,0
"176",167,18,"Ceara","Coritiba",2,1,2020-10-24,7,9,3,0
"177",170,18,"Fluminense","Santos",3,1,2020-10-25,11,17,3,0
"178",172,18,"Internacional","Flamengo",2,2,2020-10-25,15,10,1,1
"179",238,18,"Sao Paulo","Botafogo-RJ",4,0,2020-12-09,18,5,3,0
"180",165,18,"Vasco","Corinthians",1,2,2020-10-21,20,8,0,3
"181",173,19,"Botafogo-RJ","Ceara",2,2,2020-10-31,5,7,1,1
"182",175,19,"Corinthians","Internacional",1,0,2020-10-31,8,15,3,0
"183",174,19,"Coritiba","Atletico-GO",1,0,2020-10-31,9,2,3,0
"184",177,19,"Flamengo","Sao Paulo",1,4,2020-11-01,10,18,0,3
"185",176,19,"Fortaleza","Fluminense",0,1,2020-10-31,12,11,0,3
"186",180,19,"Goias","Vasco",1,1,2020-11-01,13,20,1,1
"187",182,19,"Gremio","Bragantino",2,1,2020-11-02,14,6,3,0
"188",181,19,"Palmeiras","Atletico-MG",3,0,2020-11-02,16,3,3,0
"189",179,19,"Santos","Bahia",3,1,2020-11-01,17,4,3,0
"190",178,19,"Sport","Athletico-PR",1,0,2020-11-01,19,1,3,0
"191",183,20,"Athletico-PR","Fortaleza",2,1,2020-11-07,1,12,3,0
"192",185,20,"Atletico-GO","Corinthians",1,1,2020-11-07,2,8,1,1
"193",189,20,"Atletico-MG","Flamengo",4,0,2020-11-08,3,10,3,0
"194",190,20,"Bahia","Botafogo-RJ",1,0,2020-11-08,4,5,3,0
"195",188,20,"Bragantino","Santos",1,1,2020-11-08,6,17,1,1
"196",192,20,"Ceara","Sport",0,0,2020-11-08,7,19,1,1
"197",191,20,"Fluminense","Gremio",0,1,2020-11-08,11,14,0,3
"198",187,20,"Internacional","Coritiba",2,2,2020-11-08,15,9,1,1
"199",184,20,"Sao Paulo","Goias",2,1,2020-11-07,18,13,3,0
"200",186,20,"Vasco","Palmeiras",0,1,2020-11-08,20,16,0,3
"201",203,21,"Botafogo-RJ","Bragantino",1,2,2020-11-16,5,6,0,3
"202",197,21,"Corinthians","Atletico-MG",1,2,2020-11-14,8,3,0,3
"203",202,21,"Coritiba","Bahia",1,2,2020-11-16,9,4,0,3
"204",201,21,"Flamengo","Atletico-GO",1,1,2020-11-14,10,2,1,1
"205",198,21,"Fortaleza","Sao Paulo",2,3,2020-11-14,12,18,0,3
"206",196,21,"Goias","Athletico-PR",0,1,2020-11-14,13,1,0,3
"207",199,21,"Gremio","Ceara",4,2,2020-11-14,14,7,3,0
"208",200,21,"Palmeiras","Fluminense",2,0,2020-11-14,16,11,3,0
"209",195,21,"Santos","Internacional",2,0,2020-11-14,17,15,3,0
"210",194,21,"Sport","Vasco",0,2,2020-11-14,19,20,0,3
"211",207,22,"Athletico-PR","Santos",1,0,2020-11-21,1,17,3,0
"212",213,22,"Botafogo-RJ","Fortaleza",1,2,2020-11-22,5,12,0,3
"213",206,22,"Bragantino","Bahia",4,0,2020-11-20,6,4,3,0
"214",211,22,"Ceara","Atletico-MG",2,2,2020-11-22,7,3,1,1
"215",214,22,"Corinthians","Gremio",0,0,2020-11-22,8,14,1,1
"216",208,22,"Flamengo","Coritiba",3,1,2020-11-21,10,9,3,0
"217",209,22,"Goias","Palmeiras",1,0,2020-11-21,13,16,3,0
"218",212,22,"Internacional","Fluminense",1,2,2020-11-22,15,11,0,3
"219",210,22,"Sao Paulo","Vasco",1,1,2020-11-22,18,20,1,1
"220",215,22,"Sport","Atletico-GO",0,1,2020-11-23,19,2,0,3
"221",223,23,"Atletico-GO","Internacional",0,0,2020-11-28,2,15,1,1
"222",217,23,"Atletico-MG","Botafogo-RJ",2,1,2020-11-25,3,5,3,0
"223",222,23,"Bahia","Sao Paulo",1,3,2020-11-28,4,18,0,3
"224",218,23,"Coritiba","Corinthians",0,1,2020-11-25,9,8,0,3
"225",226,23,"Fluminense","Bragantino",0,0,2020-11-30,11,6,1,1
"226",219,23,"Fortaleza","Goias",1,1,2020-11-26,12,13,1,1
"227",319,23,"Gremio","Flamengo",2,4,2021-01-28,14,10,0,3
"228",220,23,"Palmeiras","Athletico-PR",3,0,2020-11-28,16,1,3,0
"229",221,23,"Santos","Sport",4,2,2020-11-28,17,19,3,0
"230",225,23,"Vasco","Ceara",1,4,2020-11-30,20,7,0,3
"231",237,24,"Atletico-GO","Goias",0,1,2020-12-07,2,13,0,3
"232",236,24,"Atletico-MG","Internacional",2,2,2020-12-06,3,15,1,1
"233",232,24,"Bahia","Ceara",0,2,2020-12-05,4,7,0,3
"234",230,24,"Botafogo-RJ","Flamengo",0,1,2020-12-05,5,10,0,3
"235",233,24,"Coritiba","Bragantino",0,0,2020-12-05,9,6,1,1
"236",231,24,"Fluminense","Athletico-PR",3,1,2020-12-05,11,1,3,0
"237",227,24,"Fortaleza","Corinthians",0,0,2020-12-02,12,8,1,1
"238",235,24,"Gremio","Vasco",4,0,2020-12-06,14,20,3,0
"239",229,24,"Santos","Palmeiras",2,2,2020-12-05,17,16,1,1
"240",234,24,"Sao Paulo","Sport",1,0,2020-12-06,18,19,3,0
"241",239,25,"Athletico-PR","Atletico-MG",0,1,2020-12-12,1,3,0,3
"242",240,25,"Bragantino","Fortaleza",2,1,2020-12-12,6,12,3,0
"243",244,25,"Ceara","Atletico-GO",1,2,2020-12-12,7,2,0,3
"244",246,25,"Corinthians","Sao Paulo",1,0,2020-12-13,8,18,3,0
"245",245,25,"Flamengo","Santos",4,1,2020-12-13,10,17,3,0
"246",243,25,"Goias","Gremio",0,0,2020-12-12,13,14,1,1
"247",241,25,"Internacional","Botafogo-RJ",2,1,2020-12-12,15,5,3,0
"248",242,25,"Palmeiras","Bahia",3,0,2020-12-12,16,4,3,0
"249",247,25,"Sport","Coritiba",1,0,2020-12-13,19,9,3,0
"250",248,25,"Vasco","Fluminense",1,1,2020-12-13,20,11,1,1
"251",250,26,"Atletico-GO","Fluminense",2,1,2020-12-16,2,11,3,0
"252",254,26,"Bragantino","Athletico-PR",0,1,2020-12-20,6,1,0,3
"253",258,26,"Corinthians","Goias",2,1,2020-12-21,8,13,3,0
"254",253,26,"Coritiba","Botafogo-RJ",1,2,2020-12-19,9,5,0,3
"255",256,26,"Flamengo","Bahia",4,3,2020-12-20,10,4,3,0
"256",257,26,"Fortaleza","Ceara",0,2,2020-12-20,12,7,0,3
"257",252,26,"Internacional","Palmeiras",2,0,2020-12-19,15,16,3,0
"258",249,26,"Sao Paulo","Atletico-MG",3,0,2020-12-16,18,3,3,0
"259",251,26,"Sport","Gremio",1,1,2020-12-19,19,14,1,1
"260",255,26,"Vasco","Santos",1,0,2020-12-20,20,17,3,0
"261",265,27,"Athletico-PR","Vasco",3,0,2020-12-27,1,20,3,0
"262",259,27,"Atletico-MG","Coritiba",2,0,2020-12-26,3,9,3,0
"263",264,27,"Bahia","Internacional",1,2,2020-12-27,4,15,0,3
"264",263,27,"Botafogo-RJ","Corinthians",0,2,2020-12-27,5,8,0,3
"265",262,27,"Fluminense","Sao Paulo",1,2,2020-12-26,11,18,0,3
"266",261,27,"Fortaleza","Flamengo",0,0,2020-12-26,12,10,1,1
"267",260,27,"Goias","Sport",1,0,2020-12-26,13,19,3,0
"268",268,27,"Gremio","Atletico-GO",2,1,2020-12-27,14,2,3,0
"269",266,27,"Palmeiras","Bragantino",1,0,2020-12-27,16,6,3,0
"270",267,27,"Santos","Ceara",1,1,2020-12-27,17,7,1,1
"271",276,28,"Atletico-GO","Vasco",0,0,2021-01-07,2,20,1,1
"272",318,28,"Atletico-MG","Santos",2,0,2021-01-26,3,17,3,0
"273",270,28,"Botafogo-RJ","Athletico-PR",0,2,2021-01-06,5,1,0,3
"274",274,28,"Bragantino","Sao Paulo",4,2,2021-01-06,6,18,3,0
"275",275,28,"Ceara","Internacional",0,2,2021-01-07,7,15,0,3
"276",271,28,"Coritiba","Goias",1,2,2021-01-06,9,13,0,3
"277",273,28,"Flamengo","Fluminense",1,2,2021-01-06,10,11,0,3
"278",269,28,"Gremio","Bahia",2,1,2021-01-06,14,4,3,0
"279",295,28,"Palmeiras","Corinthians",4,0,2021-01-18,16,8,3,0
"280",272,28,"Sport","Fortaleza",1,0,2021-01-06,19,12,3,0
"281",282,29,"Atletico-GO","Bahia",1,1,2021-01-10,2,4,1,1
"282",285,29,"Bragantino","Atletico-MG",2,2,2021-01-11,6,3,1,1
"283",286,29,"Corinthians","Fluminense",5,0,2021-01-13,8,11,3,0
"284",278,29,"Coritiba","Athletico-PR",0,0,2021-01-09,9,1,1,1
"285",281,29,"Flamengo","Ceara",0,2,2021-01-10,10,7,0,3
"286",279,29,"Fortaleza","Gremio",0,0,2021-01-09,12,14,1,1
"287",283,29,"Internacional","Goias",1,0,2021-01-10,15,13,3,0
"288",280,29,"Sao Paulo","Santos",0,1,2021-01-10,18,17,0,3
"289",277,29,"Sport","Palmeiras",0,1,2021-01-09,19,16,0,3
"290",284,29,"Vasco","Botafogo-RJ",3,0,2021-01-10,20,5,3,0
"291",290,30,"Athletico-PR","Sao Paulo",1,1,2021-01-17,1,18,1,1
"292",292,30,"Atletico-MG","Atletico-GO",3,1,2021-01-17,3,2,3,0
"293",320,30,"Bahia","Corinthians",2,1,2021-01-28,4,8,3,0
"294",293,30,"Ceara","Bragantino",1,2,2021-01-17,7,6,0,3
"295",288,30,"Fluminense","Sport",1,0,2021-01-16,11,19,3,0
"296",296,30,"Goias","Flamengo",0,3,2021-01-18,13,10,0,3
"297",294,30,"Internacional","Fortaleza",4,2,2021-01-17,15,12,3,0
"298",287,30,"Palmeiras","Gremio",1,1,2021-01-15,16,14,1,1
"299",291,30,"Santos","Botafogo-RJ",2,1,2021-01-17,17,5,3,0
"300",289,30,"Vasco","Coritiba",0,1,2021-01-16,20,9,0,3
"301",298,31,"Bahia","Athletico-PR",1,0,2021-01-20,4,1,3,0
"302",297,31,"Botafogo-RJ","Atletico-GO",1,3,2021-01-20,5,2,0,3
"303",302,31,"Bragantino","Vasco",4,1,2021-01-20,6,20,3,0
"304",306,31,"Corinthians","Sport",3,0,2021-01-21,8,19,3,0
"305",300,31,"Coritiba","Fluminense",3,3,2021-01-20,9,11,1,1
"306",303,31,"Flamengo","Palmeiras",2,0,2021-01-21,10,16,3,0
"307",304,31,"Fortaleza","Santos",2,0,2021-01-21,12,17,3,0
"308",305,31,"Goias","Ceara",0,4,2021-01-21,13,7,0,3
"309",299,31,"Gremio","Atletico-MG",1,1,2021-01-20,14,3,1,1
"310",301,31,"Sao Paulo","Internacional",1,5,2021-01-20,18,15,0,3
"311",310,32,"Athletico-PR","Flamengo",2,1,2021-01-24,1,10,3,0
"312",312,32,"Atletico-GO","Fortaleza",2,0,2021-01-24,2,12,3,0
"313",311,32,"Ceara","Palmeiras",2,1,2021-01-24,7,16,3,0
"314",316,32,"Corinthians","Bragantino",0,2,2021-01-25,8,6,0,3
"315",315,32,"Fluminense","Botafogo-RJ",2,0,2021-01-24,11,5,3,0
"316",309,32,"Internacional","Gremio",2,1,2021-01-24,15,14,3,0
"317",314,32,"Santos","Goias",3,4,2021-01-24,17,13,0,3
"318",307,32,"Sao Paulo","Coritiba",1,1,2021-01-23,18,9,1,1
"319",313,32,"Sport","Bahia",2,0,2021-01-24,19,4,3,0
"320",308,32,"Vasco","Atletico-MG",3,2,2021-01-23,20,3,3,0
"321",323,33,"Atletico-GO","Sao Paulo",2,1,2021-01-31,2,18,3,0
"322",325,33,"Atletico-MG","Fortaleza",2,0,2021-01-31,3,12,3,0
"323",322,33,"Ceara","Athletico-PR",0,2,2021-01-31,7,1,0,3
"324",324,33,"Coritiba","Gremio",1,1,2021-01-31,9,14,1,1
"325",327,33,"Fluminense","Goias",3,0,2021-01-31,11,13,3,0
"326",326,33,"Internacional","Bragantino",2,1,2021-01-31,15,6,3,0
"327",329,33,"Palmeiras","Botafogo-RJ",1,1,2021-02-02,16,5,1,1
"328",358,33,"Santos","Corinthians",1,0,2021-02-17,17,8,3,0
"329",328,33,"Sport","Flamengo",0,3,2021-02-01,19,10,0,3
"330",321,33,"Vasco","Bahia",0,0,2021-01-31,20,4,1,1
"331",337,34,"Athletico-PR","Internacional",0,0,2021-02-04,1,15,1,1
"332",334,34,"Bahia","Fluminense",0,1,2021-02-03,4,11,0,3
"333",338,34,"Botafogo-RJ","Sport",0,1,2021-02-05,5,19,0,3
"334",331,34,"Bragantino","Atletico-GO",2,0,2021-02-03,6,2,3,0
"335",332,34,"Corinthians","Ceara",2,1,2021-02-03,8,7,3,0
"336",336,34,"Flamengo","Vasco",2,0,2021-02-04,10,20,3,0
"337",335,34,"Fortaleza","Coritiba",3,1,2021-02-04,12,9,3,0
"338",333,34,"Goias","Atletico-MG",1,0,2021-02-03,13,3,3,0
"339",330,34,"Gremio","Santos",3,3,2021-02-03,14,17,1,1
"340",360,34,"Sao Paulo","Palmeiras",1,1,2021-02-19,18,16,1,1
"341",340,35,"Atletico-GO","Santos",1,1,2021-02-06,2,17,1,1
"342",339,35,"Bahia","Goias",3,3,2021-02-06,4,13,1,1
"343",342,35,"Botafogo-RJ","Gremio",2,5,2021-02-08,5,14,0,3
"344",341,35,"Bragantino","Flamengo",1,1,2021-02-07,6,10,1,1
"345",347,35,"Corinthians","Athletico-PR",3,3,2021-02-10,8,1,1,1
"346",359,35,"Coritiba","Palmeiras",1,0,2021-02-17,9,16,3,0
"347",346,35,"Fluminense","Atletico-MG",0,0,2021-02-10,11,3,1,1
"348",344,35,"Fortaleza","Vasco",3,0,2021-02-10,12,20,3,0
"349",343,35,"Internacional","Sport",1,2,2021-02-10,15,19,0,3
"350",345,35,"Sao Paulo","Ceara",1,1,2021-02-10,18,7,1,1
"351",353,36,"Athletico-PR","Atletico-GO",2,1,2021-02-14,1,2,3,0
"352",349,36,"Atletico-MG","Bahia",1,1,2021-02-13,3,4,1,1
"353",356,36,"Ceara","Fluminense",1,3,2021-02-15,7,11,0,3
"354",351,36,"Flamengo","Corinthians",2,1,2021-02-14,10,8,3,0
"355",348,36,"Goias","Botafogo-RJ",2,0,2021-02-13,13,5,3,0
"356",355,36,"Gremio","Sao Paulo",1,2,2021-02-14,14,18,0,3
"357",354,36,"Palmeiras","Fortaleza",3,0,2021-02-14,16,12,3,0
"358",350,36,"Santos","Coritiba",2,0,2021-02-13,17,9,3,0
"359",357,36,"Sport","Bragantino",0,0,2021-02-15,19,6,1,1
"360",352,36,"Vasco","Internacional",0,2,2021-02-14,20,15,0,3
"361",370,37,"Botafogo-RJ","Sao Paulo",1,0,2021-02-22,5,18,3,0
"362",364,37,"Corinthians","Vasco",0,0,2021-02-21,8,20,1,1
"363",361,37,"Coritiba","Ceara",0,2,2021-02-20,9,7,0,3
"364",365,37,"Flamengo","Internacional",2,1,2021-02-21,10,15,3,0
"365",362,37,"Fortaleza","Bahia",0,4,2021-02-20,12,4,0,3
"366",368,37,"Goias","Bragantino",0,0,2021-02-21,13,6,1,1
"367",367,37,"Gremio","Athletico-PR",1,0,2021-02-21,14,1,3,0
"368",369,37,"Palmeiras","Atletico-GO",1,1,2021-02-22,16,2,1,1
"369",366,37,"Santos","Fluminense",1,1,2021-02-21,17,11,1,1
"370",363,37,"Sport","Atletico-MG",2,3,2021-02-21,19,3,0,3
"371",373,38,"Athletico-PR","Sport",2,0,2021-02-25,1,19,3,0
"372",374,38,"Atletico-GO","Coritiba",3,1,2021-02-25,2,9,3,0
"373",378,38,"Atletico-MG","Palmeiras",2,0,2021-02-25,3,16,3,0
"374",372,38,"Bahia","Santos",2,0,2021-02-25,4,17,3,0
"375",371,38,"Bragantino","Gremio",1,0,2021-02-25,6,14,3,0
"376",376,38,"Ceara","Botafogo-RJ",2,1,2021-02-25,7,5,3,0
"377",380,38,"Fluminense","Fortaleza",2,0,2021-02-25,11,12,3,0
"378",375,38,"Internacional","Corinthians",0,0,2021-02-25,15,8,1,1
"379",377,38,"Sao Paulo","Flamengo",2,1,2021-02-25,18,10,3,0
"380",379,38,"Vasco","Goias",3,2,2021-02-25,20,13,3,0
